design,design_name,config,flow_status,total_runtime,routed_runtime,(Cell/mm^2)/Core_Util,DIEAREA_mm^2,CellPer_mm^2,OpenDP_Util,Final_Util,Peak_Memory_Usage_MB,synth_cell_count,tritonRoute_violations,Short_violations,MetSpc_violations,OffGrid_violations,MinHole_violations,Other_violations,Magic_violations,pin_antenna_violations,net_antenna_violations,lvs_total_errors,cvc_total_errors,klayout_violations,wire_length,vias,wns,pl_wns,optimized_wns,fastroute_wns,spef_wns,tns,pl_tns,optimized_tns,fastroute_tns,spef_tns,HPWL,routing_layer1_pct,routing_layer2_pct,routing_layer3_pct,routing_layer4_pct,routing_layer5_pct,routing_layer6_pct,wires_count,wire_bits,public_wires_count,public_wire_bits,memories_count,memory_bits,processes_count,cells_pre_abc,AND,DFF,NAND,NOR,OR,XOR,XNOR,MUX,inputs,outputs,level,DecapCells,WelltapCells,DiodeCells,FillCells,NonPhysCells,TotalCells,CoreArea_um^2,power_slowest_internal_uW,power_slowest_switching_uW,power_slowest_leakage_uW,power_typical_internal_uW,power_typical_switching_uW,power_typical_leakage_uW,power_fastest_internal_uW,power_fastest_switching_uW,power_fastest_leakage_uW,critical_path_ns,suggested_clock_period,suggested_clock_frequency,CLOCK_PERIOD,FP_ASPECT_RATIO,FP_CORE_UTIL,FP_PDN_HPITCH,FP_PDN_VPITCH,GRT_ADJUSTMENT,GRT_REPAIR_ANTENNAS,PL_TARGET_DENSITY,RUN_HEURISTIC_DIODE_INSERTION,STD_CELL_LIBRARY,SYNTH_MAX_FANOUT,SYNTH_STRATEGY
sv_core,core,matrix_config_0,flow completed,0h8m54s0ms,0h6m56s0ms,76600.0,0.09,38300.0,43.46,-1,760.1,3015,0,0,0,0,0,0,0,9,9,0,-1,-1,149705,27610,0.0,-1,-1,-1,0.0,0.0,-1,-1,-1,0.0,111218699.0,0.0,47.08,44.3,16.01,20.27,1.05,3028,7760,228,4960,0,0,0,3506,56,181,63,160,468,138,39,620,547,442,24,3808,1144,83,1812,3447,10294,80146.8672,-1,-1,-1,0.00442,0.00371,2.29e-08,-1,-1,-1,9.07,12.0,83.33333333333333,12,1,50,153.18,153.6,0.3,1,0.6,0,sky130_fd_sc_hd,30,AREA 0
sv_core,core,matrix_config_1,flow completed,0h9m7s0ms,0h7m9s0ms,76600.0,0.09,38300.0,43.46,-1,763.05,3015,0,0,0,0,0,0,0,7,6,0,-1,-1,149677,27690,0.0,-1,-1,-1,0.0,0.0,-1,-1,-1,0.0,111218699.0,0.0,47.08,44.3,16.01,20.27,1.05,3028,7760,228,4960,0,0,0,3506,56,181,63,160,468,138,39,620,547,442,24,3801,1144,110,1834,3447,10336,80146.8672,-1,-1,-1,0.00442,0.00372,2.29e-08,-1,-1,-1,9.06,12.0,83.33333333333333,12,1,50,153.18,153.6,0.3,1,0.6,0,sky130_fd_sc_hd,30,AREA 0
sv_core,core,matrix_config_2,flow completed,0h8m57s0ms,0h6m59s0ms,76600.0,0.09,38300.0,43.46,-1,764.8,3015,0,0,0,0,0,0,0,5,5,0,-1,-1,149963,27745,0.0,-1,-1,-1,0.0,0.0,-1,-1,-1,0.0,111218699.0,0.0,47.08,44.3,16.01,20.27,1.05,3028,7760,228,4960,0,0,0,3506,56,181,63,160,468,138,39,620,547,442,24,3791,1144,142,1865,3447,10389,80146.8672,-1,-1,-1,0.00442,0.00373,2.29e-08,-1,-1,-1,9.03,12.0,83.33333333333333,12,1,50,153.18,153.6,0.3,1,0.6,0,sky130_fd_sc_hd,30,AREA 0
sv_core,core,matrix_config_3,flow completed,0h9m34s0ms,0h7m37s0ms,76600.0,0.09,38300.0,43.46,-1,783.52,3015,0,0,0,0,0,0,0,6,6,0,-1,-1,150340,27892,0.0,-1,-1,-1,0.0,0.0,-1,-1,-1,0.0,111218699.0,0.0,47.08,44.3,16.01,20.27,1.05,3028,7760,228,4960,0,0,0,3506,56,181,63,160,468,138,39,620,547,442,24,3786,1144,150,1870,3447,10397,80146.8672,-1,-1,-1,0.00442,0.00373,2.29e-08,-1,-1,-1,9.07,12.0,83.33333333333333,12,1,50,153.18,153.6,0.3,1,0.6,0,sky130_fd_sc_hd,30,AREA 0
sv_core,core,matrix_config_4,flow completed,0h8m55s0ms,0h6m56s0ms,76600.0,0.09,38300.0,43.46,-1,760.03,3015,0,0,0,0,0,0,0,9,9,0,-1,-1,149705,27610,0.0,-1,-1,-1,0.0,0.0,-1,-1,-1,0.0,111218699.0,0.0,47.08,44.3,16.01,20.27,1.05,3028,7760,228,4960,0,0,0,3506,56,181,63,160,468,138,39,620,547,442,24,3808,1144,83,1812,3447,10294,80146.8672,-1,-1,-1,0.00442,0.00371,2.29e-08,-1,-1,-1,9.07,12.0,83.33333333333333,12,1,50,153.18,153.6,0.3,1,0.6,0,sky130_fd_sc_hd,30,AREA 0
sv_core,core,matrix_config_5,flow completed,0h9m5s0ms,0h7m8s0ms,76600.0,0.09,38300.0,43.46,-1,763.07,3015,0,0,0,0,0,0,0,7,6,0,-1,-1,149677,27690,0.0,-1,-1,-1,0.0,0.0,-1,-1,-1,0.0,111218699.0,0.0,47.08,44.3,16.01,20.27,1.05,3028,7760,228,4960,0,0,0,3506,56,181,63,160,468,138,39,620,547,442,24,3801,1144,110,1834,3447,10336,80146.8672,-1,-1,-1,0.00442,0.00372,2.29e-08,-1,-1,-1,9.06,12.0,83.33333333333333,12,1,50,153.18,153.6,0.3,1,0.6,0,sky130_fd_sc_hd,30,AREA 0
sv_core,core,matrix_config_6,flow completed,0h9m2s0ms,0h7m2s0ms,76600.0,0.09,38300.0,43.46,-1,764.8,3015,0,0,0,0,0,0,0,5,5,0,-1,-1,149963,27745,0.0,-1,-1,-1,0.0,0.0,-1,-1,-1,0.0,111218699.0,0.0,47.08,44.3,16.01,20.27,1.05,3028,7760,228,4960,0,0,0,3506,56,181,63,160,468,138,39,620,547,442,24,3791,1144,142,1865,3447,10389,80146.8672,-1,-1,-1,0.00442,0.00373,2.29e-08,-1,-1,-1,9.03,12.0,83.33333333333333,12,1,50,153.18,153.6,0.3,1,0.6,0,sky130_fd_sc_hd,30,AREA 0
sv_core,core,matrix_config_7,flow completed,0h9m32s0ms,0h7m34s0ms,76600.0,0.09,38300.0,43.46,-1,783.23,3015,0,0,0,0,0,0,0,6,6,0,-1,-1,150340,27892,0.0,-1,-1,-1,0.0,0.0,-1,-1,-1,0.0,111218699.0,0.0,47.08,44.3,16.01,20.27,1.05,3028,7760,228,4960,0,0,0,3506,56,181,63,160,468,138,39,620,547,442,24,3786,1144,150,1870,3447,10397,80146.8672,-1,-1,-1,0.00442,0.00373,2.29e-08,-1,-1,-1,9.07,12.0,83.33333333333333,12,1,50,153.18,153.6,0.3,1,0.6,0,sky130_fd_sc_hd,30,AREA 0
sv_core,core,matrix_config_8,flow completed,0h8m59s0ms,0h6m57s0ms,76600.0,0.09,38300.0,43.46,-1,760.43,3015,0,0,0,0,0,0,0,9,9,0,-1,-1,149705,27610,0.0,-1,-1,-1,0.0,0.0,-1,-1,-1,0.0,111218699.0,0.0,47.08,44.3,16.01,20.27,1.05,3028,7760,228,4960,0,0,0,3506,56,181,63,160,468,138,39,620,547,442,24,3808,1144,83,1812,3447,10294,80146.8672,-1,-1,-1,0.00442,0.00371,2.29e-08,-1,-1,-1,9.07,12.0,83.33333333333333,12,1,50,153.18,153.6,0.3,1,0.6,0,sky130_fd_sc_hd,30,AREA 0
sv_core,core,matrix_config_9,flow completed,0h9m4s0ms,0h7m8s0ms,76600.0,0.09,38300.0,43.46,-1,763.08,3015,0,0,0,0,0,0,0,7,6,0,-1,-1,149677,27690,0.0,-1,-1,-1,0.0,0.0,-1,-1,-1,0.0,111218699.0,0.0,47.08,44.3,16.01,20.27,1.05,3028,7760,228,4960,0,0,0,3506,56,181,63,160,468,138,39,620,547,442,24,3801,1144,110,1834,3447,10336,80146.8672,-1,-1,-1,0.00442,0.00372,2.29e-08,-1,-1,-1,9.06,12.0,83.33333333333333,12,1,50,153.18,153.6,0.3,1,0.6,0,sky130_fd_sc_hd,30,AREA 0
sv_core,core,matrix_config_10,flow completed,0h9m2s0ms,0h7m0s0ms,76600.0,0.09,38300.0,43.46,-1,765.09,3015,0,0,0,0,0,0,0,5,5,0,-1,-1,149963,27745,0.0,-1,-1,-1,0.0,0.0,-1,-1,-1,0.0,111218699.0,0.0,47.08,44.3,16.01,20.27,1.05,3028,7760,228,4960,0,0,0,3506,56,181,63,160,468,138,39,620,547,442,24,3791,1144,142,1865,3447,10389,80146.8672,-1,-1,-1,0.00442,0.00373,2.29e-08,-1,-1,-1,9.03,12.0,83.33333333333333,12,1,50,153.18,153.6,0.3,1,0.6,0,sky130_fd_sc_hd,30,AREA 0
sv_core,core,matrix_config_11,flow completed,0h9m30s0ms,0h7m33s0ms,76600.0,0.09,38300.0,43.46,-1,783.49,3015,0,0,0,0,0,0,0,6,6,0,-1,-1,150340,27892,0.0,-1,-1,-1,0.0,0.0,-1,-1,-1,0.0,111218699.0,0.0,47.08,44.3,16.01,20.27,1.05,3028,7760,228,4960,0,0,0,3506,56,181,63,160,468,138,39,620,547,442,24,3786,1144,150,1870,3447,10397,80146.8672,-1,-1,-1,0.00442,0.00373,2.29e-08,-1,-1,-1,9.07,12.0,83.33333333333333,12,1,50,153.18,153.6,0.3,1,0.6,0,sky130_fd_sc_hd,30,AREA 0
sv_core,core,matrix_config_12,flow completed,0h8m59s0ms,0h6m58s0ms,76600.0,0.09,38300.0,43.46,-1,760.34,3015,0,0,0,0,0,0,0,9,9,0,-1,-1,149705,27610,0.0,-1,-1,-1,0.0,0.0,-1,-1,-1,0.0,111218699.0,0.0,47.08,44.3,16.01,20.27,1.05,3028,7760,228,4960,0,0,0,3506,56,181,63,160,468,138,39,620,547,442,24,3808,1144,83,1812,3447,10294,80146.8672,-1,-1,-1,0.00442,0.00371,2.29e-08,-1,-1,-1,9.07,12.0,83.33333333333333,12,1,50,153.18,153.6,0.3,1,0.6,0,sky130_fd_sc_hd,30,AREA 0
sv_core,core,matrix_config_13,flow completed,0h9m4s0ms,0h7m7s0ms,76600.0,0.09,38300.0,43.46,-1,763.23,3015,0,0,0,0,0,0,0,7,6,0,-1,-1,149677,27690,0.0,-1,-1,-1,0.0,0.0,-1,-1,-1,0.0,111218699.0,0.0,47.08,44.3,16.01,20.27,1.05,3028,7760,228,4960,0,0,0,3506,56,181,63,160,468,138,39,620,547,442,24,3801,1144,110,1834,3447,10336,80146.8672,-1,-1,-1,0.00442,0.00372,2.29e-08,-1,-1,-1,9.06,12.0,83.33333333333333,12,1,50,153.18,153.6,0.3,1,0.6,0,sky130_fd_sc_hd,30,AREA 0
sv_core,core,matrix_config_14,flow completed,0h8m58s0ms,0h6m59s0ms,76600.0,0.09,38300.0,43.46,-1,765.07,3015,0,0,0,0,0,0,0,5,5,0,-1,-1,149963,27745,0.0,-1,-1,-1,0.0,0.0,-1,-1,-1,0.0,111218699.0,0.0,47.08,44.3,16.01,20.27,1.05,3028,7760,228,4960,0,0,0,3506,56,181,63,160,468,138,39,620,547,442,24,3791,1144,142,1865,3447,10389,80146.8672,-1,-1,-1,0.00442,0.00373,2.29e-08,-1,-1,-1,9.03,12.0,83.33333333333333,12,1,50,153.18,153.6,0.3,1,0.6,0,sky130_fd_sc_hd,30,AREA 0
sv_core,core,matrix_config_15,flow completed,0h9m34s0ms,0h7m36s0ms,76600.0,0.09,38300.0,43.46,-1,783.5,3015,0,0,0,0,0,0,0,6,6,0,-1,-1,150340,27892,0.0,-1,-1,-1,0.0,0.0,-1,-1,-1,0.0,111218699.0,0.0,47.08,44.3,16.01,20.27,1.05,3028,7760,228,4960,0,0,0,3506,56,181,63,160,468,138,39,620,547,442,24,3786,1144,150,1870,3447,10397,80146.8672,-1,-1,-1,0.00442,0.00373,2.29e-08,-1,-1,-1,9.07,12.0,83.33333333333333,12,1,50,153.18,153.6,0.3,1,0.6,0,sky130_fd_sc_hd,30,AREA 0
sv_core,core,matrix_config_16,flow completed,0h9m2s0ms,0h6m56s0ms,65371.42857142857,0.105,32685.714285714286,36.94,-1,762.77,3015,0,0,0,0,0,0,0,10,10,0,-1,-1,150433,27567,0.0,-1,-1,-1,0.0,0.0,-1,-1,-1,0.0,111275557.0,0.0,38.95,40.06,13.02,19.66,0.44,3028,7760,228,4960,0,0,0,3506,56,181,63,160,468,138,39,620,547,442,24,4819,1342,90,1970,3432,11653,94290.43199999999,-1,-1,-1,0.00434,0.00371,2.34e-08,-1,-1,-1,9.05,12.0,83.33333333333333,12,1,50,153.18,153.6,0.3,1,0.6,0,sky130_fd_sc_hd,30,AREA 0
sv_core,core,matrix_config_17,flow completed,0h9m5s0ms,0h7m0s0ms,65371.42857142857,0.105,32685.714285714286,36.94,-1,749.64,3015,0,0,0,0,0,0,0,8,8,0,-1,-1,150230,27544,0.0,-1,-1,-1,0.0,0.0,-1,-1,-1,0.0,111275557.0,0.0,38.95,40.06,13.02,19.66,0.44,3028,7760,228,4960,0,0,0,3506,56,181,63,160,468,138,39,620,547,442,24,4816,1342,114,1993,3432,11697,94290.43199999999,-1,-1,-1,0.00434,0.00371,2.34e-08,-1,-1,-1,8.98,12.0,83.33333333333333,12,1,50,153.18,153.6,0.3,1,0.6,0,sky130_fd_sc_hd,30,AREA 0
sv_core,core,matrix_config_18,flow completed,0h9m5s0ms,0h6m59s0ms,65371.42857142857,0.105,32685.714285714286,36.94,-1,759.44,3015,0,0,0,0,0,0,0,10,10,0,-1,-1,150494,27665,0.0,-1,-1,-1,0.0,0.0,-1,-1,-1,0.0,111275557.0,0.0,38.95,40.06,13.02,19.66,0.44,3028,7760,228,4960,0,0,0,3506,56,181,63,160,468,138,39,620,547,442,24,4808,1342,133,2015,3432,11730,94290.43199999999,-1,-1,-1,0.00434,0.00371,2.34e-08,-1,-1,-1,9.01,12.0,83.33333333333333,12,1,50,153.18,153.6,0.3,1,0.6,0,sky130_fd_sc_hd,30,AREA 0
sv_core,core,matrix_config_19,flow completed,0h9m37s0ms,0h7m32s0ms,65371.42857142857,0.105,32685.714285714286,36.94,-1,719.91,3015,0,0,0,0,0,0,0,7,7,0,-1,-1,150950,27738,0.0,-1,-1,-1,0.0,0.0,-1,-1,-1,0.0,111275557.0,0.0,38.95,40.06,13.02,19.66,0.44,3028,7760,228,4960,0,0,0,3506,56,181,63,160,468,138,39,620,547,442,24,4783,1342,190,2078,3432,11825,94290.43199999999,-1,-1,-1,0.00434,0.00372,2.34e-08,-1,-1,-1,9.04,12.0,83.33333333333333,12,1,50,153.18,153.6,0.3,1,0.6,0,sky130_fd_sc_hd,30,AREA 0
sv_core,core,matrix_config_20,flow completed,0h9m2s0ms,0h6m54s0ms,65371.42857142857,0.105,32685.714285714286,36.94,-1,762.76,3015,0,0,0,0,0,0,0,10,10,0,-1,-1,150433,27567,0.0,-1,-1,-1,0.0,0.0,-1,-1,-1,0.0,111275557.0,0.0,38.95,40.06,13.02,19.66,0.44,3028,7760,228,4960,0,0,0,3506,56,181,63,160,468,138,39,620,547,442,24,4819,1342,90,1970,3432,11653,94290.43199999999,-1,-1,-1,0.00434,0.00371,2.34e-08,-1,-1,-1,9.05,12.0,83.33333333333333,12,1,50,153.18,153.6,0.3,1,0.6,0,sky130_fd_sc_hd,30,AREA 0
sv_core,core,matrix_config_21,flow completed,0h9m3s0ms,0h6m58s0ms,65371.42857142857,0.105,32685.714285714286,36.94,-1,749.58,3015,0,0,0,0,0,0,0,8,8,0,-1,-1,150230,27544,0.0,-1,-1,-1,0.0,0.0,-1,-1,-1,0.0,111275557.0,0.0,38.95,40.06,13.02,19.66,0.44,3028,7760,228,4960,0,0,0,3506,56,181,63,160,468,138,39,620,547,442,24,4816,1342,114,1993,3432,11697,94290.43199999999,-1,-1,-1,0.00434,0.00371,2.34e-08,-1,-1,-1,8.98,12.0,83.33333333333333,12,1,50,153.18,153.6,0.3,1,0.6,0,sky130_fd_sc_hd,30,AREA 0
sv_core,core,matrix_config_22,flow completed,0h9m7s0ms,0h7m1s0ms,65371.42857142857,0.105,32685.714285714286,36.94,-1,759.02,3015,0,0,0,0,0,0,0,10,10,0,-1,-1,150494,27665,0.0,-1,-1,-1,0.0,0.0,-1,-1,-1,0.0,111275557.0,0.0,38.95,40.06,13.02,19.66,0.44,3028,7760,228,4960,0,0,0,3506,56,181,63,160,468,138,39,620,547,442,24,4808,1342,133,2015,3432,11730,94290.43199999999,-1,-1,-1,0.00434,0.00371,2.34e-08,-1,-1,-1,9.01,12.0,83.33333333333333,12,1,50,153.18,153.6,0.3,1,0.6,0,sky130_fd_sc_hd,30,AREA 0
sv_core,core,matrix_config_23,flow completed,0h9m37s0ms,0h7m32s0ms,65371.42857142857,0.105,32685.714285714286,36.94,-1,749.52,3015,0,0,0,0,0,0,0,7,7,0,-1,-1,150950,27738,0.0,-1,-1,-1,0.0,0.0,-1,-1,-1,0.0,111275557.0,0.0,38.95,40.06,13.02,19.66,0.44,3028,7760,228,4960,0,0,0,3506,56,181,63,160,468,138,39,620,547,442,24,4783,1342,190,2078,3432,11825,94290.43199999999,-1,-1,-1,0.00434,0.00372,2.34e-08,-1,-1,-1,9.04,12.0,83.33333333333333,12,1,50,153.18,153.6,0.3,1,0.6,0,sky130_fd_sc_hd,30,AREA 0
sv_core,core,matrix_config_24,flow completed,0h9m3s0ms,0h6m55s0ms,65371.42857142857,0.105,32685.714285714286,36.94,-1,762.92,3015,0,0,0,0,0,0,0,10,10,0,-1,-1,150433,27567,0.0,-1,-1,-1,0.0,0.0,-1,-1,-1,0.0,111275557.0,0.0,38.95,40.06,13.02,19.66,0.44,3028,7760,228,4960,0,0,0,3506,56,181,63,160,468,138,39,620,547,442,24,4819,1342,90,1970,3432,11653,94290.43199999999,-1,-1,-1,0.00434,0.00371,2.34e-08,-1,-1,-1,9.05,12.0,83.33333333333333,12,1,50,153.18,153.6,0.3,1,0.6,0,sky130_fd_sc_hd,30,AREA 0
sv_core,core,matrix_config_25,flow completed,0h9m5s0ms,0h7m0s0ms,65371.42857142857,0.105,32685.714285714286,36.94,-1,749.64,3015,0,0,0,0,0,0,0,8,8,0,-1,-1,150230,27544,0.0,-1,-1,-1,0.0,0.0,-1,-1,-1,0.0,111275557.0,0.0,38.95,40.06,13.02,19.66,0.44,3028,7760,228,4960,0,0,0,3506,56,181,63,160,468,138,39,620,547,442,24,4816,1342,114,1993,3432,11697,94290.43199999999,-1,-1,-1,0.00434,0.00371,2.34e-08,-1,-1,-1,8.98,12.0,83.33333333333333,12,1,50,153.18,153.6,0.3,1,0.6,0,sky130_fd_sc_hd,30,AREA 0
sv_core,core,matrix_config_26,flow completed,0h9m7s0ms,0h7m1s0ms,65371.42857142857,0.105,32685.714285714286,36.94,-1,759.12,3015,0,0,0,0,0,0,0,10,10,0,-1,-1,150494,27665,0.0,-1,-1,-1,0.0,0.0,-1,-1,-1,0.0,111275557.0,0.0,38.95,40.06,13.02,19.66,0.44,3028,7760,228,4960,0,0,0,3506,56,181,63,160,468,138,39,620,547,442,24,4808,1342,133,2015,3432,11730,94290.43199999999,-1,-1,-1,0.00434,0.00371,2.34e-08,-1,-1,-1,9.01,12.0,83.33333333333333,12,1,50,153.18,153.6,0.3,1,0.6,0,sky130_fd_sc_hd,30,AREA 0
sv_core,core,matrix_config_27,flow completed,0h9m38s0ms,0h7m32s0ms,65371.42857142857,0.105,32685.714285714286,36.94,-1,722.14,3015,0,0,0,0,0,0,0,7,7,0,-1,-1,150950,27738,0.0,-1,-1,-1,0.0,0.0,-1,-1,-1,0.0,111275557.0,0.0,38.95,40.06,13.02,19.66,0.44,3028,7760,228,4960,0,0,0,3506,56,181,63,160,468,138,39,620,547,442,24,4783,1342,190,2078,3432,11825,94290.43199999999,-1,-1,-1,0.00434,0.00372,2.34e-08,-1,-1,-1,9.04,12.0,83.33333333333333,12,1,50,153.18,153.6,0.3,1,0.6,0,sky130_fd_sc_hd,30,AREA 0
sv_core,core,matrix_config_28,flow completed,0h9m0s0ms,0h6m54s0ms,65371.42857142857,0.105,32685.714285714286,36.94,-1,762.88,3015,0,0,0,0,0,0,0,10,10,0,-1,-1,150433,27567,0.0,-1,-1,-1,0.0,0.0,-1,-1,-1,0.0,111275557.0,0.0,38.95,40.06,13.02,19.66,0.44,3028,7760,228,4960,0,0,0,3506,56,181,63,160,468,138,39,620,547,442,24,4819,1342,90,1970,3432,11653,94290.43199999999,-1,-1,-1,0.00434,0.00371,2.34e-08,-1,-1,-1,9.05,12.0,83.33333333333333,12,1,50,153.18,153.6,0.3,1,0.6,0,sky130_fd_sc_hd,30,AREA 0
sv_core,core,matrix_config_29,flow completed,0h9m5s0ms,0h7m1s0ms,65371.42857142857,0.105,32685.714285714286,36.94,-1,749.63,3015,0,0,0,0,0,0,0,8,8,0,-1,-1,150230,27544,0.0,-1,-1,-1,0.0,0.0,-1,-1,-1,0.0,111275557.0,0.0,38.95,40.06,13.02,19.66,0.44,3028,7760,228,4960,0,0,0,3506,56,181,63,160,468,138,39,620,547,442,24,4816,1342,114,1993,3432,11697,94290.43199999999,-1,-1,-1,0.00434,0.00371,2.34e-08,-1,-1,-1,8.98,12.0,83.33333333333333,12,1,50,153.18,153.6,0.3,1,0.6,0,sky130_fd_sc_hd,30,AREA 0
sv_core,core,matrix_config_30,flow completed,0h9m12s0ms,0h7m3s0ms,65371.42857142857,0.105,32685.714285714286,36.94,-1,759.05,3015,0,0,0,0,0,0,0,10,10,0,-1,-1,150494,27665,0.0,-1,-1,-1,0.0,0.0,-1,-1,-1,0.0,111275557.0,0.0,38.95,40.06,13.02,19.66,0.44,3028,7760,228,4960,0,0,0,3506,56,181,63,160,468,138,39,620,547,442,24,4808,1342,133,2015,3432,11730,94290.43199999999,-1,-1,-1,0.00434,0.00371,2.34e-08,-1,-1,-1,9.01,12.0,83.33333333333333,12,1,50,153.18,153.6,0.3,1,0.6,0,sky130_fd_sc_hd,30,AREA 0
sv_core,core,matrix_config_31,flow completed,0h9m40s0ms,0h7m33s0ms,65371.42857142857,0.105,32685.714285714286,36.94,-1,720.11,3015,0,0,0,0,0,0,0,7,7,0,-1,-1,150950,27738,0.0,-1,-1,-1,0.0,0.0,-1,-1,-1,0.0,111275557.0,0.0,38.95,40.06,13.02,19.66,0.44,3028,7760,228,4960,0,0,0,3506,56,181,63,160,468,138,39,620,547,442,24,4783,1342,190,2078,3432,11825,94290.43199999999,-1,-1,-1,0.00434,0.00372,2.34e-08,-1,-1,-1,9.04,12.0,83.33333333333333,12,1,50,153.18,153.6,0.3,1,0.6,0,sky130_fd_sc_hd,30,AREA 0
sv_core,core,matrix_config_32,flow completed,0h8m26s0ms,0h6m16s0ms,56228.57142857143,0.1225,28114.285714285714,31.48,-1,765.0,3015,0,0,0,0,0,0,0,8,7,0,-1,-1,151806,27476,0.0,-1,-1,-1,0.0,0.0,-1,-1,-1,0.0,114302726.0,0.0,34.93,32.92,13.03,13.9,2.5,3028,7760,228,4960,0,0,0,3506,56,181,63,160,468,138,39,620,547,442,24,6000,1586,103,2090,3444,13223,110505.984,-1,-1,-1,0.00442,0.00371,2.43e-08,-1,-1,-1,9.01,12.0,83.33333333333333,12,1,50,153.18,153.6,0.3,1,0.6,0,sky130_fd_sc_hd,30,AREA 0
sv_core,core,matrix_config_33,flow completed,0h8m41s0ms,0h6m27s0ms,56228.57142857143,0.1225,28114.285714285714,31.48,-1,782.11,3015,0,0,0,0,0,0,0,9,8,0,-1,-1,152156,27605,0.0,-1,-1,-1,0.0,0.0,-1,-1,-1,0.0,114302726.0,0.0,34.93,32.92,13.03,13.9,2.5,3028,7760,228,4960,0,0,0,3506,56,181,63,160,468,138,39,620,547,442,24,5982,1586,128,2116,3444,13256,110505.984,-1,-1,-1,0.00442,0.00372,2.43e-08,-1,-1,-1,9.04,12.0,83.33333333333333,12,1,50,153.18,153.6,0.3,1,0.6,0,sky130_fd_sc_hd,30,AREA 0
sv_core,core,matrix_config_34,flow completed,0h8m55s0ms,0h6m42s0ms,56228.57142857143,0.1225,28114.285714285714,31.48,-1,776.34,3015,0,0,0,0,0,0,0,10,10,0,-1,-1,152243,27677,0.0,-1,-1,-1,0.0,0.0,-1,-1,-1,0.0,114302726.0,0.0,34.93,32.92,13.03,13.9,2.5,3028,7760,228,4960,0,0,0,3506,56,181,63,160,468,138,39,620,547,442,24,5978,1586,151,2146,3444,13305,110505.984,-1,-1,-1,0.00442,0.00372,2.43e-08,-1,-1,-1,8.99,12.0,83.33333333333333,12,1,50,153.18,153.6,0.3,1,0.6,0,sky130_fd_sc_hd,30,AREA 0
sv_core,core,matrix_config_35,flow completed,0h8m48s0ms,0h6m35s0ms,56228.57142857143,0.1225,28114.285714285714,31.48,-1,764.35,3015,0,0,0,0,0,0,0,10,9,0,-1,-1,152557,27708,0.0,-1,-1,-1,0.0,0.0,-1,-1,-1,0.0,114302726.0,0.0,34.93,32.92,13.03,13.9,2.5,3028,7760,228,4960,0,0,0,3506,56,181,63,160,468,138,39,620,547,442,24,5963,1586,202,2179,3444,13374,110505.984,-1,-1,-1,0.00442,0.00373,2.43e-08,-1,-1,-1,8.98,12.0,83.33333333333333,12,1,50,153.18,153.6,0.3,1,0.6,0,sky130_fd_sc_hd,30,AREA 0
sv_core,core,matrix_config_36,flow completed,0h8m25s0ms,0h6m16s0ms,56228.57142857143,0.1225,28114.285714285714,31.48,-1,765.54,3015,0,0,0,0,0,0,0,8,7,0,-1,-1,151806,27476,0.0,-1,-1,-1,0.0,0.0,-1,-1,-1,0.0,114302726.0,0.0,34.93,32.92,13.03,13.9,2.5,3028,7760,228,4960,0,0,0,3506,56,181,63,160,468,138,39,620,547,442,24,6000,1586,103,2090,3444,13223,110505.984,-1,-1,-1,0.00442,0.00371,2.43e-08,-1,-1,-1,9.01,12.0,83.33333333333333,12,1,50,153.18,153.6,0.3,1,0.6,0,sky130_fd_sc_hd,30,AREA 0
sv_core,core,matrix_config_37,flow completed,0h8m41s0ms,0h6m26s0ms,56228.57142857143,0.1225,28114.285714285714,31.48,-1,781.97,3015,0,0,0,0,0,0,0,9,8,0,-1,-1,152156,27605,0.0,-1,-1,-1,0.0,0.0,-1,-1,-1,0.0,114302726.0,0.0,34.93,32.92,13.03,13.9,2.5,3028,7760,228,4960,0,0,0,3506,56,181,63,160,468,138,39,620,547,442,24,5982,1586,128,2116,3444,13256,110505.984,-1,-1,-1,0.00442,0.00372,2.43e-08,-1,-1,-1,9.04,12.0,83.33333333333333,12,1,50,153.18,153.6,0.3,1,0.6,0,sky130_fd_sc_hd,30,AREA 0
sv_core,core,matrix_config_38,flow completed,0h8m53s0ms,0h6m44s0ms,56228.57142857143,0.1225,28114.285714285714,31.48,-1,776.02,3015,0,0,0,0,0,0,0,10,10,0,-1,-1,152243,27677,0.0,-1,-1,-1,0.0,0.0,-1,-1,-1,0.0,114302726.0,0.0,34.93,32.92,13.03,13.9,2.5,3028,7760,228,4960,0,0,0,3506,56,181,63,160,468,138,39,620,547,442,24,5978,1586,151,2146,3444,13305,110505.984,-1,-1,-1,0.00442,0.00372,2.43e-08,-1,-1,-1,8.99,12.0,83.33333333333333,12,1,50,153.18,153.6,0.3,1,0.6,0,sky130_fd_sc_hd,30,AREA 0
sv_core,core,matrix_config_39,flow completed,0h8m48s0ms,0h6m35s0ms,56228.57142857143,0.1225,28114.285714285714,31.48,-1,760.95,3015,0,0,0,0,0,0,0,10,9,0,-1,-1,152557,27708,0.0,-1,-1,-1,0.0,0.0,-1,-1,-1,0.0,114302726.0,0.0,34.93,32.92,13.03,13.9,2.5,3028,7760,228,4960,0,0,0,3506,56,181,63,160,468,138,39,620,547,442,24,5963,1586,202,2179,3444,13374,110505.984,-1,-1,-1,0.00442,0.00373,2.43e-08,-1,-1,-1,8.98,12.0,83.33333333333333,12,1,50,153.18,153.6,0.3,1,0.6,0,sky130_fd_sc_hd,30,AREA 0
sv_core,core,matrix_config_40,flow completed,0h8m24s0ms,0h6m16s0ms,56228.57142857143,0.1225,28114.285714285714,31.48,-1,767.85,3015,0,0,0,0,0,0,0,8,7,0,-1,-1,151806,27476,0.0,-1,-1,-1,0.0,0.0,-1,-1,-1,0.0,114302726.0,0.0,34.93,32.92,13.03,13.9,2.5,3028,7760,228,4960,0,0,0,3506,56,181,63,160,468,138,39,620,547,442,24,6000,1586,103,2090,3444,13223,110505.984,-1,-1,-1,0.00442,0.00371,2.43e-08,-1,-1,-1,9.01,12.0,83.33333333333333,12,1,50,153.18,153.6,0.3,1,0.6,0,sky130_fd_sc_hd,30,AREA 0
sv_core,core,matrix_config_41,flow completed,0h8m36s0ms,0h6m26s0ms,56228.57142857143,0.1225,28114.285714285714,31.48,-1,781.79,3015,0,0,0,0,0,0,0,9,8,0,-1,-1,152156,27605,0.0,-1,-1,-1,0.0,0.0,-1,-1,-1,0.0,114302726.0,0.0,34.93,32.92,13.03,13.9,2.5,3028,7760,228,4960,0,0,0,3506,56,181,63,160,468,138,39,620,547,442,24,5982,1586,128,2116,3444,13256,110505.984,-1,-1,-1,0.00442,0.00372,2.43e-08,-1,-1,-1,9.04,12.0,83.33333333333333,12,1,50,153.18,153.6,0.3,1,0.6,0,sky130_fd_sc_hd,30,AREA 0
sv_core,core,matrix_config_42,flow completed,0h8m50s0ms,0h6m41s0ms,56228.57142857143,0.1225,28114.285714285714,31.48,-1,776.05,3015,0,0,0,0,0,0,0,10,10,0,-1,-1,152243,27677,0.0,-1,-1,-1,0.0,0.0,-1,-1,-1,0.0,114302726.0,0.0,34.93,32.92,13.03,13.9,2.5,3028,7760,228,4960,0,0,0,3506,56,181,63,160,468,138,39,620,547,442,24,5978,1586,151,2146,3444,13305,110505.984,-1,-1,-1,0.00442,0.00372,2.43e-08,-1,-1,-1,8.99,12.0,83.33333333333333,12,1,50,153.18,153.6,0.3,1,0.6,0,sky130_fd_sc_hd,30,AREA 0
sv_core,core,matrix_config_43,flow completed,0h8m47s0ms,0h6m34s0ms,56228.57142857143,0.1225,28114.285714285714,31.48,-1,763.29,3015,0,0,0,0,0,0,0,10,9,0,-1,-1,152557,27708,0.0,-1,-1,-1,0.0,0.0,-1,-1,-1,0.0,114302726.0,0.0,34.93,32.92,13.03,13.9,2.5,3028,7760,228,4960,0,0,0,3506,56,181,63,160,468,138,39,620,547,442,24,5963,1586,202,2179,3444,13374,110505.984,-1,-1,-1,0.00442,0.00373,2.43e-08,-1,-1,-1,8.98,12.0,83.33333333333333,12,1,50,153.18,153.6,0.3,1,0.6,0,sky130_fd_sc_hd,30,AREA 0
sv_core,core,matrix_config_44,flow completed,0h8m27s0ms,0h6m18s0ms,56228.57142857143,0.1225,28114.285714285714,31.48,-1,765.36,3015,0,0,0,0,0,0,0,8,7,0,-1,-1,151806,27476,0.0,-1,-1,-1,0.0,0.0,-1,-1,-1,0.0,114302726.0,0.0,34.93,32.92,13.03,13.9,2.5,3028,7760,228,4960,0,0,0,3506,56,181,63,160,468,138,39,620,547,442,24,6000,1586,103,2090,3444,13223,110505.984,-1,-1,-1,0.00442,0.00371,2.43e-08,-1,-1,-1,9.01,12.0,83.33333333333333,12,1,50,153.18,153.6,0.3,1,0.6,0,sky130_fd_sc_hd,30,AREA 0
sv_core,core,matrix_config_45,flow completed,0h8m36s0ms,0h6m26s0ms,56228.57142857143,0.1225,28114.285714285714,31.48,-1,781.96,3015,0,0,0,0,0,0,0,9,8,0,-1,-1,152156,27605,0.0,-1,-1,-1,0.0,0.0,-1,-1,-1,0.0,114302726.0,0.0,34.93,32.92,13.03,13.9,2.5,3028,7760,228,4960,0,0,0,3506,56,181,63,160,468,138,39,620,547,442,24,5982,1586,128,2116,3444,13256,110505.984,-1,-1,-1,0.00442,0.00372,2.43e-08,-1,-1,-1,9.04,12.0,83.33333333333333,12,1,50,153.18,153.6,0.3,1,0.6,0,sky130_fd_sc_hd,30,AREA 0
sv_core,core,matrix_config_46,flow completed,0h8m50s0ms,0h6m41s0ms,56228.57142857143,0.1225,28114.285714285714,31.48,-1,775.73,3015,0,0,0,0,0,0,0,10,10,0,-1,-1,152243,27677,0.0,-1,-1,-1,0.0,0.0,-1,-1,-1,0.0,114302726.0,0.0,34.93,32.92,13.03,13.9,2.5,3028,7760,228,4960,0,0,0,3506,56,181,63,160,468,138,39,620,547,442,24,5978,1586,151,2146,3444,13305,110505.984,-1,-1,-1,0.00442,0.00372,2.43e-08,-1,-1,-1,8.99,12.0,83.33333333333333,12,1,50,153.18,153.6,0.3,1,0.6,0,sky130_fd_sc_hd,30,AREA 0
sv_core,core,matrix_config_47,flow completed,0h8m44s0ms,0h6m34s0ms,56228.57142857143,0.1225,28114.285714285714,31.48,-1,761.32,3015,0,0,0,0,0,0,0,10,9,0,-1,-1,152557,27708,0.0,-1,-1,-1,0.0,0.0,-1,-1,-1,0.0,114302726.0,0.0,34.93,32.92,13.03,13.9,2.5,3028,7760,228,4960,0,0,0,3506,56,181,63,160,468,138,39,620,547,442,24,5963,1586,202,2179,3444,13374,110505.984,-1,-1,-1,0.00442,0.00373,2.43e-08,-1,-1,-1,8.98,12.0,83.33333333333333,12,1,50,153.18,153.6,0.3,1,0.6,0,sky130_fd_sc_hd,30,AREA 0
